{"stats":{"minecraft:picked_up":{"hexerei:flowering_lily_pad":1},"minecraft:custom":{"minecraft:jump":57,"minecraft:time_since_rest":10121,"minecraft:leave_game":3,"minecraft:play_time":10121,"minecraft:sprint_one_cm":5169,"minecraft:time_since_death":10121,"minecraft:walk_on_water_one_cm":407,"minecraft:walk_one_cm":2216,"minecraft:walk_under_water_one_cm":155,"minecraft:sneak_time":54,"minecraft:total_world_time":10121,"minecraft:climb_one_cm":311,"minecraft:drop":1,"minecraft:fly_one_cm":60805},"minecraft:dropped":{"hexerei:flowering_lily_pad":1},"minecraft:mined":{"hexerei:flowering_lily_pad":1}},"DataVersion":2975}